{"cameraMode":{"drawMode":0,"name":"Shaded","section":"Shading Mode"},"sceneLighting":true,"audioPlay":false,"sceneViewState":{"showFog":true,"showMaterialUpdate":false,"showSkybox":true,"showFlares":true,"showImageEffects":true,"showParticleSystems":true},"in2DMode":false,"pivot":{"x":4.224684715270996,"y":2.0678558349609377,"z":4.2957072257995609},"rotation":{"x":-0.03661556541919708,"y":0.24828773736953736,"z":-0.009392383508384228,"w":-0.9679485559463501},"size":10.947200775146485,"orthographic":false}